id,energiskalaid,buildingcategoryname,value,grade,arealkorrektsjon
1,1,Småhus,95,A,800
2,1,Småhus,120,B,1600
3,1,Småhus,145,C,2500
4,1,Småhus,175,D,4100
5,1,Småhus,205,E,5800
6,1,Småhus,250,F,8000
7,1,Leiligheter,85,A,600
8,1,Leiligheter,95,B,1000
9,1,Leiligheter,110,C,1500
10,1,Leiligheter,135,D,2200
11,1,Leiligheter,160,E,3000
12,1,Leiligheter,200,F,4000
13,1,Barnehage,85,A,
14,1,Barnehage,115,B,
15,1,Barnehage,145,C,
16,1,Barnehage,180,D,
17,1,Barnehage,220,E,
18,1,Barnehage,275,F,
19,1,Kontorbygning,90,A,
20,1,Kontorbygning,115,B,
21,1,Kontorbygning,145,C,
22,1,Kontorbygning,180,D,
23,1,Kontorbygning,220,E,
24,1,Kontorbygning,275,F,
25,1,Skolebygning,75,A,
26,1,Skolebygning,105,B,
27,1,Skolebygning,135,C,
28,1,Skolebygning,175,D,
29,1,Skolebygning,220,E,
30,1,Skolebygning,280,F,
31,1,Universitets- og høgskolebygning,90,A,
32,1,Universitets- og høgskolebygning,125,B,
33,1,Universitets- og høgskolebygning,160,C,
34,1,Universitets- og høgskolebygning,200,D,
35,1,Universitets- og høgskolebygning,240,E,
36,1,Universitets- og høgskolebygning,300,F,
37,1,Sykehus,175,A,
38,1,Sykehus,240,B,
39,1,Sykehus,305,C,
40,1,Sykehus,360,D,
41,1,Sykehus,415,E,
42,1,Sykehus,505,F,
43,1,Sykehjem,145,A,
44,1,Sykehjem,195,B,
45,1,Sykehjem,240,C,
46,1,Sykehjem,295,D,
47,1,Sykehjem,355,E,
48,1,Sykehjem,440,F,
49,1,Hotellbygning,140,A,
50,1,Hotellbygning,190,B,
51,1,Hotellbygning,240,C,
52,1,Hotellbygning,290,D,
53,1,Hotellbygning,340,E,
54,1,Hotellbygning,415,F,
55,1,Idrettsbygning,125,A,
56,1,Idrettsbygning,165,B,
57,1,Idrettsbygning,205,C,
58,1,Idrettsbygning,275,D,
59,1,Idrettsbygning,345,E,
60,1,Idrettsbygning,440,F,
61,1,Forretningsbygning,115,A,
62,1,Forretningsbygning,160,B,
63,1,Forretningsbygning,210,C,
64,1,Forretningsbygning,255,D,
65,1,Forretningsbygning,300,E,
66,1,Forretningsbygning,375,F,
67,1,Kulturbygning,95,A,
68,1,Kulturbygning,135,B,
69,1,Kulturbygning,175,C,
70,1,Kulturbygning,215,D,
71,1,Kulturbygning,255,E,
72,1,Kulturbygning,320,F,
73,1,"Lett industribygning, verksted",105,A,
74,1,"Lett industribygning, verksted",145,B,
75,1,"Lett industribygning, verksted",185,C,
76,1,"Lett industribygning, verksted",250,D,
77,1,"Lett industribygning, verksted",315,E,
78,1,"Lett industribygning, verksted",405,F,
79,2,Småhus,95,A,800
80,2,Småhus,120,B,1600
81,2,Småhus,145,C,2500
82,2,Småhus,175,D,4100
83,2,Småhus,205,E,5800
84,2,Småhus,250,F,8000
85,2,Leiligheter,85,A,600
86,2,Leiligheter,95,B,1000
87,2,Leiligheter,110,C,1500
88,2,Leiligheter,135,D,2200
89,2,Leiligheter,160,E,3000
90,2,Leiligheter,200,F,4000
91,2,Barnehage,85,A,
92,2,Barnehage,115,B,
93,2,Barnehage,145,C,
94,2,Barnehage,180,D,
95,2,Barnehage,220,E,
96,2,Barnehage,275,F,
97,2,Kontorbygning,90,A,
98,2,Kontorbygning,115,B,
99,2,Kontorbygning,145,C,
100,2,Kontorbygning,180,D,
101,2,Kontorbygning,220,E,
102,2,Kontorbygning,275,F,
103,2,Skolebygning,75,A,
104,2,Skolebygning,105,B,
105,2,Skolebygning,135,C,
106,2,Skolebygning,175,D,
107,2,Skolebygning,220,E,
108,2,Skolebygning,280,F,
109,2,Universitets- og høgskolebygning,90,A,
110,2,Universitets- og høgskolebygning,125,B,
111,2,Universitets- og høgskolebygning,160,C,
112,2,Universitets- og høgskolebygning,200,D,
113,2,Universitets- og høgskolebygning,240,E,
114,2,Universitets- og høgskolebygning,300,F,
115,2,Sykehus,175,A,
116,2,Sykehus,240,B,
117,2,Sykehus,305,C,
118,2,Sykehus,360,D,
119,2,Sykehus,415,E,
120,2,Sykehus,505,F,
121,2,Sykehjem,145,A,
122,2,Sykehjem,195,B,
123,2,Sykehjem,240,C,
124,2,Sykehjem,295,D,
125,2,Sykehjem,355,E,
126,2,Sykehjem,440,F,
127,2,Hotellbygning,140,A,
128,2,Hotellbygning,190,B,
129,2,Hotellbygning,240,C,
130,2,Hotellbygning,290,D,
131,2,Hotellbygning,340,E,
132,2,Hotellbygning,415,F,
133,2,Idrettsbygning,125,A,
134,2,Idrettsbygning,165,B,
135,2,Idrettsbygning,205,C,
136,2,Idrettsbygning,275,D,
137,2,Idrettsbygning,345,E,
138,2,Idrettsbygning,440,F,
139,2,Forretningsbygning,115,A,
140,2,Forretningsbygning,160,B,
141,2,Forretningsbygning,210,C,
142,2,Forretningsbygning,255,D,
143,2,Forretningsbygning,300,E,
144,2,Forretningsbygning,375,F,
145,2,Kulturbygning,95,A,
146,2,Kulturbygning,135,B,
147,2,Kulturbygning,175,C,
148,2,Kulturbygning,215,D,
149,2,Kulturbygning,255,E,
150,2,Kulturbygning,320,F,
151,2,"Lett industribygning, verksted",105,A,
152,2,"Lett industribygning, verksted",145,B,
153,2,"Lett industribygning, verksted",185,C,
154,2,"Lett industribygning, verksted",250,D,
155,2,"Lett industribygning, verksted",315,E,
156,2,"Lett industribygning, verksted",405,F,
157,0,Småhus,77,A,1600
158,0,Småhus,115,B,1600
159,0,Småhus,153,C,1600
160,0,Småhus,229,D,1600
161,0,Småhus,305,E,1600
162,0,Småhus,458,F,1600
163,0,Leiligheter,63,A,650
164,0,Leiligheter,94,B,650
165,0,Leiligheter,126,C,650
166,0,Leiligheter,180,D,650
167,0,Leiligheter,235,E,650
168,0,Leiligheter,353,F,650
169,0,Barnehage,90,A,
170,0,Barnehage,135,B,
171,0,Barnehage,180,C,
172,0,Barnehage,228,D,
173,0,Barnehage,276,E,
174,0,Barnehage,414,F,
175,0,Kontorbygning,84,A,
176,0,Kontorbygning,126,B,
177,0,Kontorbygning,168,C,
178,0,Kontorbygning,215,D,
179,0,Kontorbygning,263,E,
180,0,Kontorbygning,395,F,
181,0,Skolebygning,79,A,
182,0,Skolebygning,118,B,
183,0,Skolebygning,158,C,
184,0,Skolebygning,208,D,
185,0,Skolebygning,259,E,
186,0,Skolebygning,389,F,
187,0,Universitets- og høgskolebygning,95,A,
188,0,Universitets- og høgskolebygning,143,B,
189,0,Universitets- og høgskolebygning,191,C,
190,0,Universitets- og høgskolebygning,240,D,
191,0,Universitets- og høgskolebygning,289,E,
192,0,Universitets- og høgskolebygning,434,F,
193,0,Sykehus,179,A,
194,0,Sykehus,268,B,
195,0,Sykehus,358,C,
196,0,Sykehus,416,D,
197,0,Sykehus,475,E,
198,0,Sykehus,713,F,
199,0,Sykehjem,136,A,
200,0,Sykehjem,203,B,
201,0,Sykehjem,271,C,
202,0,Sykehjem,328,D,
203,0,Sykehjem,384,E,
204,0,Sykehjem,576,F,
205,0,Hotellbygning,135,A,
206,0,Hotellbygning,202,B,
207,0,Hotellbygning,269,C,
208,0,Hotellbygning,321,D,
209,0,Hotellbygning,373,E,
210,0,Hotellbygning,576,F,
211,0,Idrettsbygning,109,A,
212,0,Idrettsbygning,164,B,
213,0,Idrettsbygning,218,C,
214,0,Idrettsbygning,272,D,
215,0,Idrettsbygning,325,E,
216,0,Idrettsbygning,488,F,
217,0,Forretningsbygning,129,A,
218,0,Forretningsbygning,194,B,
219,0,Forretningsbygning,258,C,
220,0,Forretningsbygning,309,D,
221,0,Forretningsbygning,360,E,
222,0,Forretningsbygning,540,F,
223,0,Kulturbygning,105,A,
224,0,Kulturbygning,158,B,
225,0,Kulturbygning,210,C,
226,0,Kulturbygning,256,D,
227,0,Kulturbygning,302,E,
228,0,Kulturbygning,453,F,
229,0,"Lett industribygning, verksted",106,A,
230,0,"Lett industribygning, verksted",159,B,
231,0,"Lett industribygning, verksted",212,C,
232,0,"Lett industribygning, verksted",270,D,
233,0,"Lett industribygning, verksted",329,E,
234,0,"Lett industribygning, verksted",494,F,
